Order,ID,Species,Sex
1,Hsapiens_F_NMDID-104889_cad,Hsapiens,Fe
2,Hsapiens_F_NMDID-176087_cad,Hsapiens,Fe
3,Hsapiens_F_NMDID-178609_cad,Hsapiens,Fe
4,Hsapiens_F_NMDID-104393_cad,Hsapiens,Fe
5,Hsapiens_F_NMDID-108966_cad,Hsapiens,Fe
6,Hsapiens_F_NMDID-158596_cad,Hsapiens,Fe
7,Hsapiens_F_KUA-2677_rea,Hsapiens,Fe
8,Hsapiens_F_KUA-2941_rea,Hsapiens,Fe
9,Hsapiens_F_NHMW-Ant-694_rea,Hsapiens,Fe
10,Hsapiens_F_NHMW-Ant-C2-90-2_rea,Hsapiens,Fe
11,Ptroglodytes_F_Koko(GAIN140)_cad,Ptroglodytes,Fe
12,Ptroglodytes_F_Yuri(GAIN74)_cad,Ptroglodytes,Fe
13,Ptroglodytes_F_Sakura(GAIN64)_cad,Ptroglodytes,Fe
14,Ptroglodytes_F_PRICT611_cad,Ptroglodytes,Fe
15,Ptroglodytes_F_PRI10048_cad,Ptroglodytes,Fe
16,Ptroglodytes_F_PRI11043-Puchi_cad,Ptroglodytes,Fe
17,Ptroglodytes_F_PCM-M204_rea,Ptroglodytes,Fe
18,Ptroglodytes_F_NH-MER32-986_rea,Ptroglodytes,Fe
19,Ptroglodytes_F_NH-MER33-742_rea,Ptroglodytes,Fe
20,Ggorilla_F_NH-MER35-58_rea,Ggorilla,Fe
21,Ggorilla_F_NH-MER35-89_rea,Ggorilla,Fe
22,Ggorilla_F_NH-MER35-95_rea,Ggorilla,Fe
23,Ppygmaeus_F_MNHN-ZM-AC-1965-241_rea,Ppygmaeus,Fe
24,Ppygmaeus_F_NHM-ZD-1986-1103_rea,Ppygmaeus,Fe
25,Ppygmaeus_F_NHM-1948-7-6-1_rea,Ppygmaeus,Fe
26,Ppygmaeus_F_Satsuki(GAIN37)_con,Ppygmaeus,Fe
27,Hlar_F_PRILady_cad,Hlar,Fe
28,Hlar_F_PRI7863_cad,Hlar,Fe
29,Hlar_F_PRI12634-Yama(GAIN0094)_cad,Hlar,Fe
30,Hlar_F_PRI9265_Tomiko(GAIN89)_cad,Hlar,Fe
31,Hlar_F_BE-RBINS-VER-MAM-17689_con,Hlar,Fe
32,Hlar_F_RBINS-34583_rea,Hlar,Fe
33,Hlar_F_MNH-26913_rea,Hlar,Fe
34,Hlar_F_MNH-46350_rea,Hlar,Fe
35,Ssyndactylus_F_MNH-2013a_rea,Ssyndactylus,Fe
36,Ssyndactylus_F_PRI7992_Study2937_cad,Ssyndactylus,Fe
37,Ssyndactylus_F_usnm-mammals-143579_con,Ssyndactylus,Fe
38,Ssyndactylus_F_ZMB-MAM-38587_rea,Ssyndactylus,Fe
39,Cguereza_F_ZD-1972-138_rea,Cguereza,Fe
40,Cguereza_F_PCM-M277_rea,Cguereza,Fe
41,Cguereza_F_PCM-MER-35-66_rea,Cguereza,Fe
42,Cguereza_F_PRI-8411_con,Cguereza,Fe
43,Panubis_F_BE-RBINS-VER-MAM-18294_con,Panubis,Fe
44,Panubis_F_MNHN-ZM-AC-1934-616_con,Panubis,Fe
45,Panubis_F_NHM-1-8-9-23_rea,Panubis,Fe
46,Panubis_F_NHM-1962-12-14-6_rea ,Panubis,Fe
47,Phamadryas_F_PRI7785_cad,Phamadryas,Fe
48,Phamadryas_F_PRI7868_cad,Phamadryas,Fe
49,Phamadryas_F_NHMW-32991_rea,Phamadryas,Fe
50,Tgelada_F_RBINS-8920_con,Tgelada,Fe
51,Tgelada_F_PRI7816_cad,Tgelada,Fe
52,Tgelada_F_PRI7964_cad,Tgelada,Fe
53,Tgelada_F_1934-252_rea,Tgelada,Fe
54,Msphinx_F_AMNH-89357_rea,Msphinx,Fe
55,Msphinx_F_AMNH-89358_rea,Msphinx,Fe
56,Msphinx_F_NHMW-Zoo1-MAMM-57601_rea,Msphinx,Fe
57,Msphinx_F_MNHN_ZM_1880-1307_con,Msphinx,Fe
58,Mmulatta_F_(ucd-39481)_cad,Mmulatta,Fe
59,Mmulatta_F_(ucd-39612)_cad,Mmulatta,Fe
60,Mmulatta_F_(ucd-39847)_cad,Mmulatta,Fe
61,Mmulatta_F_(ucd-29999)_cad,Mmulatta,Fe
62,Mmulatta_F_(ucd-31603)_cad,Mmulatta,Fe
63,Nlarvatus_F_AMNH-28255_con,Nlarvatus,Fe
64,Nlarvatus_F_AMNH-103669_rea,Nlarvatus,Fe
65,Nlarvatus_F_ZMB-MAM-48026_rea,Nlarvatus,Fe
66,Tobscurus_F_1871-20_rea,Tobscurus,Fe
67,Tobscurus_F_NHM-1971-710_rea ,Tobscurus,Fe
68,Tobscurus_F_NHM-1971-724_rea,Tobscurus,Fe
69,Tobscurus_F_NHM-1971.736_rea,Tobscurus,Fe
70,Epatas_F_MNHN-ZM-AC-1891-975_rea,Epatas,Fe
71,Epatas_F_1912-127_con,Epatas,Fe
72,Epatas_F_NHMW-Zoo1-MAMM-31563_con,Epatas,Fe
73,Epatas_F_NHMW-Zoo1-MAMM-2790-B3883_rea,Epatas,Fe
74,Ageoffroyi_F_PRI-8145_rea,Ageoffroyi,Fe
75,Ageoffroyi_F_PRI-10515_rea,Ageoffroyi,Fe
76,Ageoffroyi_F_AS-819_rea,Ageoffroyi,Fe
77,Atrivirgatus_F_NHMW-Zoo1-MAMM-41185_rea,Atrivirgatus,Fe
78,Atrivirgatus_F_USNM587975_con,Atrivirgatus,Fe
79,Atrivirgatus_F_MNRJ-53667_con,Atrivirgatus,Fe
80,Sapella_F_NHMW-MAMM-32999_rea,Sapella,Fe
81,Sapella_F_ZC-24935_con,Sapella,Fe
82,Sapella_F_ZMB-MAMM-20285_rea,Sapella,Fe
83,Sapella_F_MNHN-1880-1380_rea,Sapella,Fe
84,Llagothricha_F_BE-RBINS-VER-MAM-4025_con,Llagothricha,Fe
85,Llagothricha_F_BE-RBINS-VER-MAM-4026_con,Llagothricha,Fe
86,Llagothricha_F_NHM-1970-1026_rea,Llagothricha,Fe
87,Ssciureus_F_BE-RBINS-VER-MAM-12986_con,Ssciureus,Fe
88,Ssciureus_F_AMNH-22730_rea,Ssciureus,Fe
89,Ssciureus_F_MNHN-ZM-A-13-347_con,Ssciureus,Fe
90,Ssciureus_F_RBINS-749F_con,Ssciureus,Fe
91,Ssciureus_F_RBINS-12987_con,Ssciureus,Fe
92,Soedipus_F_RBINS-12974_rea,Soedipus,Fe
93,Soedipus_F_NHMW-68145_con,Soedipus,Fe
94,Soedipus_F_PRI-7820_con,Soedipus,Fe
95,Cjacchus_F_BE-RBINS-VER-MAM-4022_rea,Cjacchus,Fe
96,Cjacchus_F_NHMW-Zoo1-MAMM-68648_con,Cjacchus,Fe
97,Cjacchus_F_NHMW-Zoo1-MAMM-73696_con,Cjacchus,Fe
98,Cgoeldii_F_NHMW-Zoo1-MAMM-62188_con,Cgoeldii,Fe
99,Cgoeldii_F_USNM573934_rea,Cgoeldii,Fe
100,Cgoeldii_F_USNM575153_con,Cgoeldii,Fe
101,Lcatta_F_NHMW-38394_rea,Lcatta,Fe
102,Lcatta_F_PRI9172_cad,Lcatta,Fe
103,Lcatta_F_PRI-8403_cad,Lcatta,Fe
104,Lcatta_F_NHWM-68000_rea,Lcatta,Fe
105,Lcatta_F_7304_rea,Lcatta,Fe
106,Efulvus_F_dlc-5547f_cad,Efulvus,Fe
107,Efulvus_F_dlc-5776f_cad,Efulvus,Fe
108,Efulvus_F_dlc-OST-58_con,Efulvus,Fe
109,Efulvus_F_dlc-OST-57_con,Efulvus,Fe
110,Efulvus_F_dlc-OST-95_con,Efulvus,Fe
111,Vvariegata_F_AMNH-201395_cad,Vvariegata,Fe
112,Vvariegata_F_dlc-6205f_cad,Vvariegata,Fe
113,Vvariegata_F_dlc-6311f_cad,Vvariegata,Fe
114,Vvariegata_F_MNHN-2004-403_rea,Vvariegata,Fe
115,Vvariegata_F_NHMW_2099-B3521_rea,Vvariegata,Fe
116,Mmurinus_F_dlc-1812f_cad,Mmurinus,Fe
117,Mmurinus_F_MNHN-ZM-AC-1936-88_con,Mmurinus,Fe
118,Mmurinus_F_MNHN-ZM-AC-1951-11_con,Mmurinus,Fe
119,Mmurinus_F_921-BAC_cad,Mmurinus,Fe
120,Mmurinus_F_989-EB_cad,Mmurinus,Fe
121,Gsenegalensis_F_PRI9227_cad,Gsenegalensis,Fe
122,Gsenegalensis_F_PRI9223_cad,Gsenegalensis,Fe
123,Gsenegalensis_F_DPC-OST-5_rea,Gsenegalensis,Fe
124,Gsenegalensis_F_DPC-OST-7_rea,Gsenegalensis,Fe
125,Gsenegalensis_F_DPC-OST-8_rea,Gsenegalensis,Fe
126,Gmoholi_F_dlc-2016f_cad,Gmoholi,Fe
127,Gmoholi_F_dlc-3143f_cad,Gmoholi,Fe
128,Gmoholi_F_dlc-3158f_cad,Gmoholi,Fe
129,Gmoholi_F_dlc-3141f_cad,Gmoholi,Fe
130,Gmoholi_F_dlc-1087f_cad,Gmoholi,Fe
